,cnt_attribute,cnt_query,name,nwords
100% bcf strudon olefin,1,0,100% bcf strudon olefin,4
100% greensmart p. e. t. polyester textured cut pile carpet,1,0,100% greensmart p. e. t. polyester textured cut pile carpet,10
100% high density polyurethane foam,1,0,100% high density polyurethane foam,5
100% micro denier polyester,2,0,100% micro denier polyester,4
100% polypropylene,3,0,100% polypropylene,2
100% post industrial recycled synthetic fibers with a non skid rubber backing,19,0,100% post industrial recycled synthetic fibers with a non skid rubber backing,12
100% post industrial recycled synthetic fibers with all natural rubber,11,0,100% post industrial recycled synthetic fibers with all natural rubber,10
100% recycled synthetic fiber pad with rubber sbr blend backing,1,0,100% recycled synthetic fiber pad with rubber sbr blend backing,10
100% recycled synthetic fibers,3,0,100% recycled synthetic fibers,4
100% recycled synthetic fibers latex backing,2,0,100% recycled synthetic fibers latex backing,6
100% softsense nylon fiber,1,0,100% softsense nylon fiber,4
100% solution dyed polyester,3,0,100% solution dyed polyester,4
15% polyester. 85% pvc foam,14,0,15% polyester. 85% pvc foam,5
15-mm veneered mdf. wicker baskets. black powder coat 7.8 round pipe.,1,0,15-mm veneered mdf. wicker baskets. black powder coat 7.8 round pipe.,11
16-mm particle board with wood veneer and stainless steel clad poles,3,0,16-mm particle board with wood veneer and stainless steel clad poles,11
1680d ballistic polyester polyester,1,0,1680d ballistic polyester polyester,4
201 stainless steel. 430 stainless steel. tpr,2,0,201 stainless steel. 430 stainless steel. tpr,7
21% polyester 79% pvc,3,0,21% polyester 79% pvc,4
22% polyester 78% pvc,4,0,22% polyester 78% pvc,4
30% diisononyl phthalate. 28% pvc. 25% calcium carbonate. 17% polyester,16,0,30% diisononyl phthalate. 28% pvc. 25% calcium carbonate. 17% polyester,10
32% diilsononyl phthalate. 30% pvc. 26% calcium carbonate. 12% polyester,8,0,32% diilsononyl phthalate. 30% pvc. 26% calcium carbonate. 12% polyester,10
34% steel. 27% plastic pvc. 9% polypropylene. 9% glass. 9% copper. 9% paint and 9% other,4,0,34% steel. 27% plastic pvc. 9% polypropylene. 9% glass. 9% copper. 9% paint and 9% other,16
35% wool/65%. polyester,4,0,35% wool/65%. polyester,3
40% plant based oils,1,0,40% plant based oils,4
430 stainless steel,6,0,430 stainless steel,3
5 density rebond carpet cushion,10,0,5 density rebond carpet cushion,5
63% polyester 37% pvc,10,0,63% polyester 37% pvc,4
67% polythylene terephthalate. 21% adhesive. 12% pe film,8,0,67% polythylene terephthalate. 21% adhesive. 12% pe film,8
7% polyester 93% pvc,3,0,7% polyester 93% pvc,4
a composition of mdf. mdf. board and multiple layers of impregnated papers and aluminum oxide. with hdf. hdf. core superior performing inner core that resists surface spills or moisture from the subfloor. laminate,2,0,a composition of mdf. mdf. board and multiple layers of impregnated papers and aluminum oxide. with hdf. hdf. core superior performing inner core that resists surface spills or moisture from the subfloor. laminate,33
abs,174,90,abs,1
abs abs plastic,2,0,abs abs plastic,3
abs acrylic,1,0,abs acrylic,2
abs plastic and chrome,3,0,abs plastic and chrome,4
abs plastic. chrome,4,0,abs plastic. chrome,3
acrylic,1127,256,acrylic,1
acrylic acrylic,1,0,acrylic acrylic,2
acrylic and pigments,2,0,acrylic and pigments,3
acrylic fiberglass,1,0,acrylic fiberglass,2
acrylic fiberglass acrylic,9,0,acrylic fiberglass acrylic,3
acrylic over wire frame,12,0,acrylic over wire frame,4
alder,1,55,alder,1
all natural,2,0,all natural,2
alloy,50,8,alloy,1
aluminized steel,3,0,aluminized steel,2
aluminum,3147,1012,aluminum,1
aluminum and glass,1,0,aluminum and glass,3
aluminum plastic,10,0,aluminum plastic,2
aluminum rail. metal supports and plastic carriers aluminum,1,0,aluminum rail. metal supports and plastic carriers aluminum,8
aluminum rod. acrylic finials aluminum,2,0,aluminum rod. acrylic finials aluminum,5
aluminum rod. zinc finial aluminum,6,0,aluminum rod. zinc finial aluminum,5
aluminum stainless steel,1,0,aluminum stainless steel,3
aluminum steel,1,0,aluminum steel,2
aluminum vinyl,1,0,aluminum vinyl,2
aluminum. copper and zinc,1,0,aluminum. copper and zinc,4
aluminum. glass,2,0,aluminum. glass,2
anodized aluminum aluminum,5,0,anodized aluminum aluminum,3
anodized steel,8,0,anodized steel,2
ash,7,61,ash,1
asian hardwood legs with asian hardwood veneer over mdf,2,0,asian hardwood legs with asian hardwood veneer over mdf,9
asphalt,39,72,asphalt,1
assorted asian hardwoods. mdf w maple veneer. 5-mm tempered glass. metal hardware wood,1,0,assorted asian hardwoods. mdf w maple veneer. 5-mm tempered glass. metal hardware wood,13
bamboo,162,288,bamboo,1
bamboo handle and steel bristles,3,0,bamboo handle and steel bristles,5
bamboo wood,1,1,bamboo wood,2
banana leaves. mahogany solids. plywood,10,0,banana leaves. mahogany solids. plywood,5
beech veneer.,2,0,beech veneer.,2
birch,39,105,birch,1
birch veneers with engineered wood,2,0,birch veneers with engineered wood,5
birch wood,1,17,birch wood,2
birch. mdf and mahogany veneers,2,0,birch. mdf and mahogany veneers,5
black plastic handle and stainless steel bristles,4,0,black plastic handle and stainless steel bristles,7
boxwood,7,29,boxwood,1
braided stainless steel over pvc,8,0,braided stainless steel over pvc,5
brass,2437,908,brass,1
brass and plastic,1,0,brass and plastic,3
brass and stainless steel,3,0,brass and stainless steel,4
brass and steel,4,0,brass and steel,3
brass brass. porcelain,4,0,brass brass. porcelain,3
brass cast metal,1,0,brass cast metal,3
brass copper,5,0,brass copper,2
brass dispenser. plastic bottle plastic,4,0,brass dispenser. plastic bottle plastic,5
brass metal,4,0,brass metal,2
brass plastic,2,0,brass plastic,2
brass plastic plastic,1,0,brass plastic plastic,3
brass porcelain,7,0,brass porcelain,2
brass solid brass,3,0,brass solid brass,3
brass tubing,3,3,brass tubing,2
brass. plastic,6,0,brass. plastic,2
brass. plastic metal,2,0,brass. plastic metal,3
brass. rubber. plastic. stainless steel,5,0,brass. rubber. plastic. stainless steel,5
brazing rod,2,0,brazing rod,2
brazing rods,2,6,brazing rods,2
breathable polyethylene,7,0,breathable polyethylene,2
bronze,76,1498,bronze,1
bronze housing,6,0,bronze housing,2
brown fabric,3,0,brown fabric,2
brown pvc,2,0,brown pvc,2
burlap over wire frame,1,0,burlap over wire frame,4
cable,2,977,cable,1
canvas,30,95,canvas,1
canvas fabric,1,0,canvas fabric,2
carb compliant. laminated composite wood,3,0,carb compliant. laminated composite wood,5
carbide,5,71,carbide,1
carbon steel,50,9,carbon steel,2
carbon steel steel,3,0,carbon steel steel,3
cardboard,107,12,cardboard,1
cast acrylic acrylic,10,0,cast acrylic acrylic,3
cast aluminum,1,0,cast aluminum,2
cast iron,358,185,cast iron,2
cast iron cast iron,2,0,cast iron cast iron,4
cast iron kohler cast iron,1,0,cast iron kohler cast iron,5
cast iron. chrome plated,1,0,cast iron. chrome plated,4
cast iron. silicone. pp plastic. stainless,1,0,cast iron. silicone. pp plastic. stainless,6
cast iron. silicone. pp plastic. stainless steel,2,0,cast iron. silicone. pp plastic. stainless steel,7
cast iron. stainless steel,2,0,cast iron. stainless steel,4
cast iron. steel,1,0,cast iron. steel,3
cast metal,335,0,cast metal,2
cast metal zinc,17,0,cast metal zinc,3
cast polymers polymer,3,0,cast polymers polymer,3
cedar,113,661,cedar,1
cedar lumber with vinyl roof,1,0,cedar lumber with vinyl roof,5
cellulose,4,19,cellulose,1
cement,192,407,cement,1
ceramic,339,721,ceramic,1
ceramic ceramic,5,0,ceramic ceramic,2
ceramic ceramic tile,1,0,ceramic ceramic tile,3
ceramic porcelain,2,0,ceramic porcelain,2
charcoal filter,2,1,charcoal filter,2
cherry,1,169,cherry,1
chrome,53,750,chrome,1
chrome and acrylic,1,0,chrome and acrylic,3
chrome and metal,1,0,chrome and metal,3
chrome and vinyl,2,0,chrome and vinyl,3
chrome and wood,1,0,chrome and wood,3
chrome brushed nickel,1,0,chrome brushed nickel,3
chrome metal,4,0,chrome metal,2
chrome plated,1,8,chrome plated,2
chrome plated metal tube. particle board. mdf. powder coated square metal tube,2,0,chrome plated metal tube. particle board. mdf. powder coated square metal tube,12
chrome plated steel,10,8,chrome plated steel,3
chrome plated steel wire,3,0,chrome plated steel wire,4
clay,105,88,clay,1
clear pvc,1,0,clear pvc,2
cloth,39,214,cloth,1
cobalt,5,45,cobalt,1
coconut fiber,40,18,coconut fiber,2
coil innerspring with hr foam support layers.,3,0,coil innerspring with hr foam support layers.,7
coil premium innerspring w hr foam support layers,2,0,coil premium innerspring w hr foam support layers,8
coil premium innerspring with hr foam support,3,0,coil premium innerspring with hr foam support,7
composite,2538,378,composite,1
composite capped wood plastic composite,2,0,composite capped wood plastic composite,5
composite cast polymers,3,0,composite cast polymers,3
composite compression molded fiberglas and resin,10,0,composite compression molded fiberglas and resin,6
composite engineered quartz composite,10,0,composite engineered quartz composite,4
composite natural stone composite,5,0,composite natural stone composite,4
composite plastic,3,0,composite plastic,2
composite plastic wood,3,0,composite plastic wood,3
composite timbers and plastic corner brackets,2,0,composite timbers and plastic corner brackets,6
composite vikrell,1,0,composite vikrell,2
composite wood,3,0,composite wood,2
composite wood timbers and plastic corner brackets,6,0,composite wood timbers and plastic corner brackets,7
composite wood. laminate. metal and glass materials,2,0,composite wood. laminate. metal and glass materials,7
composite wood. pvc plastic. vinyl,1,0,composite wood. pvc plastic. vinyl,5
compression molded fiberglas and resin plastic,4,0,compression molded fiberglas and resin plastic,6
concrete,605,1215,concrete,1
constructed from carb compliant. laminated composite woods,3,0,constructed from carb compliant. laminated composite woods,7
constructed of composite board and highly durable pvc laminate,22,0,constructed of composite board and highly durable pvc laminate,9
constructed of poplar solids. engineered wood and oak veneers,2,0,constructed of poplar solids. engineered wood and oak veneers,9
constructed of solid asian rubberwood,8,0,constructed of solid asian rubberwood,5
copper,553,748,copper,1
copper and plastic,19,0,copper and plastic,3
copper and zinc,11,0,copper and zinc,3
copper nickel,2,0,copper nickel,2
copper piping and accessories.,13,0,copper piping and accessories.,4
copper. fiber. metal. palstic,2,0,copper. fiber. metal. palstic,4
copper. fiber. metal. plastic,3,0,copper. fiber. metal. plastic,4
copper. zinc. plastic,4,0,copper. zinc. plastic,3
cordierite,2,0,cordierite,1
cordierite stone,3,0,cordierite stone,2
cork,1,61,cork,1
coroplast,3,0,coroplast,1
cotton,122,40,cotton,1
cpvc,65,50,cpvc,1
crystal,1,136,crystal,1
crystal finials. metal rods and brackets crystal,4,0,crystal finials. metal rods and brackets crystal,7
dark brown metal tube with microfiber seat,5,0,dark brown metal tube with microfiber seat,7
denim,1,8,denim,1
die cast zinc,3,0,die cast zinc,3
drywall,38,446,drywall,1
durable metal construction,1,0,durable metal construction,3
durable metal. 8-mm clear round beveled tempered glass top,3,0,durable metal. 8-mm clear round beveled tempered glass top,9
dzr brass,1,0,dzr brass,2
enamel,1,154,enamel,1
engineered quartz composite stone,18,0,engineered quartz composite stone,4
engineered wood,6,28,engineered wood,2
engineered wood. hollow core. microfiber. paper. pvc,3,0,engineered wood. hollow core. microfiber. paper. pvc,7
engineered wood. hollow core. paper,6,0,engineered wood. hollow core. paper,5
engineered wood. hollow core. paper. pvc,5,0,engineered wood. hollow core. paper. pvc,6
engineered wood. hollow core. paper. pvc. wood,3,0,engineered wood. hollow core. paper. pvc. wood,7
engineered wood. metal. non woven fabric. paint,2,0,engineered wood. metal. non woven fabric. paint,7
engineered wood. metal. paper,1,0,engineered wood. metal. paper,4
engineered wood. paper,2,0,engineered wood. paper,3
engineereed wood,1,0,engineereed wood,2
epdm rubber,14,0,epdm rubber,2
exellan,7,0,exellan,1
fabric,467,156,fabric,1
fabric 55% polyester. 45% cotton. foam 92% polyurethane foam pad. 8% polyester fiber batting. birch wood,2,0,fabric 55% polyester. 45% cotton. foam 92% polyurethane foam pad. 8% polyester fiber batting. birch wood,16
fabric fabric,4,0,fabric fabric,2
fabric over wire frame,4,0,fabric over wire frame,4
fabric parchment,1,0,fabric parchment,2
fabricated from genuine wood veneer wood particle board,8,0,fabricated from genuine wood veneer wood particle board,8
faux leather,11,10,faux leather,2
faux leather metal,2,0,faux leather metal,3
faux marble paper veneer. metal. fabric,3,0,faux marble paper veneer. metal. fabric,6
faux wood,98,78,faux wood,2
felt,15,17,felt,1
fiber,3,201,fiber,1
fiberboard,164,25,fiberboard,1
fiberglass,1046,402,fiberglass,1
fiberglass and plastic,2,0,fiberglass and plastic,3
fiberglass and pvc,2,0,fiberglass and pvc,3
fiberglass composites fiberglass,1,0,fiberglass composites fiberglass,3
fiberglass fiberglass,4,0,fiberglass fiberglass,2
fiberglass mesh,37,0,fiberglass mesh,2
fiberglass vinyl,4,0,fiberglass vinyl,2
finials resin. poles and supports steel resin,1,0,finials resin. poles and supports steel resin,7
fir,8,82,fir,1
fir wood,1,0,fir wood,2
fir wood and metal,2,0,fir wood and metal,4
fire retardant cellulose pads,2,0,fire retardant cellulose pads,4
fireclay,21,3,fireclay,1
flexible carbon film,7,0,flexible carbon film,3
foam,45,436,foam,1
foam foam rubber,4,0,foam foam rubber,3
foam polyurethane foam,11,0,foam polyurethane foam,3
foil and fiberglass,2,0,foil and fiberglass,3
forged,1,19,forged,1
frame. 100% mahogany. content. abaca normal weaving,1,0,frame. 100% mahogany. content. abaca normal weaving,7
frame. 100% mahogany. content. split kubu normal weaving,1,0,frame. 100% mahogany. content. split kubu normal weaving,8
frame. birchwood. upholstery. 100% linen with stainless steel nail heads,3,0,frame. birchwood. upholstery. 100% linen with stainless steel nail heads,10
frame. birchwood. upholstery. 60% cotton. 40% linen with stainless steel nail heads,1,0,frame. birchwood. upholstery. 60% cotton. 40% linen with stainless steel nail heads,12
frame. birchwood. upholstery. 60% linen. 40% polyester with stainless steel nail heads,1,0,frame. birchwood. upholstery. 60% linen. 40% polyester with stainless steel nail heads,12
frame. birchwood. upholstery. bicast leather with stainless steel nail heads,6,0,frame. birchwood. upholstery. bicast leather with stainless steel nail heads,10
frame. birchwood. upholstery. cotton poly with stainless steel nail heads,3,0,frame. birchwood. upholstery. cotton poly with stainless steel nail heads,10
frame. mango wood. content. croco split,1,0,frame. mango wood. content. croco split,6
frame. mango wood. content. rattan,3,0,frame. mango wood. content. rattan,5
frame. metal. content pvc,1,0,frame. metal. content pvc,4
frame. oak. content. rattan,3,0,frame. oak. content. rattan,4
frame. oak. upholstery. bicast leather with stainless steel nail heads,2,0,frame. oak. upholstery. bicast leather with stainless steel nail heads,10
frame. poplar shelf. top. mdf with wood veneer,1,0,frame. poplar shelf. top. mdf with wood veneer,8
frame. rubber wood and rubberwood veneer. upholstery. 100% polyester,1,0,frame. rubber wood and rubberwood veneer. upholstery. 100% polyester,9
frieze polypropylene,1,0,frieze polypropylene,2
frp,178,38,frp,1
fruitwood frame with faux leather cover,1,0,fruitwood frame with faux leather cover,6
galvanized metal,1,0,galvanized metal,2
galvanized steel,1362,29,galvanized steel,2
galvanized steel hdpe. high density polethylene.,1,0,galvanized steel hdpe. high density polethylene.,6
galvanized steel iron,2,0,galvanized steel iron,3
galvanized steel metal,21,0,galvanized steel metal,3
galvanized steel plastic,3,0,galvanized steel plastic,3
galvanized steel steel,12,0,galvanized steel steel,3
galvinized steel,3,0,galvinized steel,2
gel,4,59,gel,1
gel memory foam,2,0,gel memory foam,3
glass,508,2174,glass,1
glass tubes and supports steel. finials glass,5,0,glass tubes and supports steel. finials glass,7
glass. metal,3,0,glass. metal,2
glass. steel,1,0,glass. steel,2
gold,13,309,gold,1
granite,200,526,granite,1
grapevine,5,0,grapevine,1
grapevine frame,2,0,grapevine frame,2
grapevine over wire frame,2,0,grapevine over wire frame,4
gravel,9,63,gravel,1
grout,3,260,grout,1
hard anodized aluminum,3,0,hard anodized aluminum,3
hard plastic,20,0,hard plastic,2
hardened steel,1,0,hardened steel,2
hardwood,2,291,hardwood,1
hardwood solids and engineered wood,4,0,hardwood solids and engineered wood,5
hardwood solids engineered wood,1,0,hardwood solids engineered wood,4
hardwood solids vinyl upholstery,2,0,hardwood solids vinyl upholstery,4
hardwood solids. engineered woods. and oak veneer tops,7,0,hardwood solids. engineered woods. and oak veneer tops,8
hdc. mdf. pb,1,0,hdc. mdf. pb,3
hdf,114,0,hdf,1
hdf core laminate,12,0,hdf core laminate,3
hdf core. hdf. decorative paper. design. overlay laminate,1,0,hdf core. hdf. decorative paper. design. overlay laminate,8
hdf coreboard laminate,1,0,hdf coreboard laminate,3
hdf laminate,29,0,hdf laminate,2
hdf. hdf. laminate,9,0,hdf. hdf. laminate,3
hdf. pb,4,0,hdf. pb,2
hdpe. clear hdpe. silicone,1,0,hdpe. clear hdpe. silicone,4
hdpe. high density polethylene.,46,0,hdpe. high density polethylene.,4
hdpe. high density polethylene. polyethylene,12,0,hdpe. high density polethylene. polyethylene,5
heating ribbon alloy,2,0,heating ribbon alloy,3
heavy gauge plated steel,5,0,heavy gauge plated steel,4
heavy gauge stainless steel,4,0,heavy gauge stainless steel,4
heavy gauge stainless steel and silicone,2,0,heavy gauge stainless steel and silicone,6
hemlock and metal,6,0,hemlock and metal,3
hickory,1,330,hickory,1
high density foam. fleece and cloth cover.,1,0,high density foam. fleece and cloth cover.,7
high density polyethyelene,2,0,high density polyethyelene,3
high quality steel roll up pocket pipe. marine grade double wrapped nylon rope,2,0,high quality steel roll up pocket pipe. marine grade double wrapped nylon rope,13
hollow core and particle board,1,0,hollow core and particle board,5
hose rubber,2,0,hose rubber,2
hot dipped galvanized steel,2,0,hot dipped galvanized steel,4
hot dipped galvanized steel galvanized steel,1,0,hot dipped galvanized steel galvanized steel,6
innerspring coil w cotton comfort layers,3,0,innerspring coil w cotton comfort layers,6
iron,220,480,iron,1
iron and elm wood,1,0,iron and elm wood,4
iron ferrite,23,0,iron ferrite,2
iron metal,1,0,iron metal,2
jute,3,0,jute,1
laminate,1054,724,laminate,1
laminate ac3 laminate and mdf core board,1,0,laminate ac3 laminate and mdf core board,7
laminate fiberboard. melamine resin. decor paper. and wear resistant overlay,6,0,laminate fiberboard. melamine resin. decor paper. and wear resistant overlay,10
laminate foil and mdf core board,4,0,laminate foil and mdf core board,6
laminate hdf,72,0,laminate hdf,2
laminate hdf core,8,0,laminate hdf core,3
laminate hdf core board,13,0,laminate hdf core board,4
laminate hdf laminate,2,0,laminate hdf laminate,3
laminate high denisty fiberboard. hdf.,1,0,laminate high denisty fiberboard. hdf.,5
laminate laminate,4,0,laminate laminate,2
laminate laminate flooring,2,0,laminate laminate flooring,3
laminate laminate. high quality hdf,28,0,laminate laminate. high quality hdf,5
laminate mdf,3,0,laminate mdf,2
laminate mdf core,8,0,laminate mdf core,3
laminate mdf. paper. resin. both acrylic and melamine. polyurethane hot metal adhesive and olefin hot metal adhesive,132,0,laminate mdf. paper. resin. both acrylic and melamine. polyurethane hot metal adhesive and olefin hot metal adhesive,17
laminate mdf. paper. resin. both acrylic and melamine. polyurethane hot metal and olefin hot metal adhesive,68,0,laminate mdf. paper. resin. both acrylic and melamine. polyurethane hot metal and olefin hot metal adhesive,16
laminate metal,3,0,laminate metal,2
laminate wood,4,10,laminate wood,2
laminate wood oak,1,0,laminate wood oak,3
laminate wood plank laminate,2,0,laminate wood plank laminate,4
laminated particle board,111,0,laminated particle board,3
laminated particleboard,3,0,laminated particleboard,2
lava stone,4,13,lava stone,2
lave rock,2,0,lave rock,2
leather,14,71,leather,1
leather and wood,1,0,leather and wood,3
leather fabric,1,0,leather fabric,2
leatherette,1,0,leatherette,1
linen,4,125,linen,1
local hardwoods. mdf,1,0,local hardwoods. mdf,3
low density polyethylene polyethylene,7,0,low density polyethylene polyethylene,4
low pressure hose. brass fitting. steel housing,5,0,low pressure hose. brass fitting. steel housing,7
low pressure hose. brass fittings,4,0,low pressure hose. brass fittings,5
machined 304 stainless steel and glass reinforced nylon,1,0,machined 304 stainless steel and glass reinforced nylon,8
made with non toxic laminated particleboard,3,0,made with non toxic laminated particleboard,6
magnesium,1,0,magnesium,1
mahogany,6,166,mahogany,1
mahogany solids,1,0,mahogany solids,2
mahogany solids veneers,5,0,mahogany solids veneers,3
mahogany solids with cathedral grain cherry veneers,2,0,mahogany solids with cathedral grain cherry veneers,7
malleable iron,3,0,malleable iron,2
malleable iron iron,6,0,malleable iron iron,3
manila,30,40,manila,1
manufactured from carb 2 compliant laminated particle panels,6,0,manufactured from carb 2 compliant laminated particle panels,8
manufactured from carb 2 compliant laminated particle panels wood,1,0,manufactured from carb 2 compliant laminated particle panels wood,9
manufactured from certified environmentally preferred laminated particle panel.,3,0,manufactured from certified environmentally preferred laminated particle panel.,8
manufactured from certified environmentally preferred laminated particle panels,12,0,manufactured from certified environmentally preferred laminated particle panels,8
manufactured from certified environmentally preferred laminated particle panels.,62,0,manufactured from certified environmentally preferred laminated particle panels.,8
manufactured from certified environmentally preferred laminated particle panels. wood,2,0,manufactured from certified environmentally preferred laminated particle panels. wood,9
manufactured from laminated particle board,32,0,manufactured from laminated particle board,5
maple,11,180,maple,1
marble,2,350,marble,1
matel. paper. mdf. pb,1,0,matel. paper. mdf. pb,4
material is vinyl not synthetic,6,0,material is vinyl not synthetic,5
mdf,536,187,mdf,1
mdf and composite,5,0,mdf and composite,3
mdf birch,3,0,mdf birch,2
mdf composite wood,56,0,mdf composite wood,3
mdf composite wood wood,2,0,mdf composite wood wood,4
mdf with birch veneer. 5-mm tempered glass door. ball bearing mechanism for the sliding doors. wood,1,0,mdf with birch veneer. 5-mm tempered glass door. ball bearing mechanism for the sliding doors. wood,16
mdf with veneer wood,1,0,mdf with veneer wood,4
mdf. pb,6,0,mdf. pb,2
mdf. pb. engineered wood,3,0,mdf. pb. engineered wood,4
mdf. pb. poplar solid wood and venner,1,0,mdf. pb. poplar solid wood and venner,7
mdf. pvc. pb. casters,2,0,mdf. pvc. pb. casters,4
mdf. steel,3,0,mdf. steel,2
mdf. steel. glass,4,0,mdf. steel. glass,3
melamine,43,85,melamine,1
memory foam,2,16,memory foam,2
mesh material with dry adhesive,3,0,mesh material with dry adhesive,5
metal,6411,2166,metal,1
metal abs,1,0,metal abs,2
metal all metal finials. rods and brackets,1,0,metal all metal finials. rods and brackets,7
metal and glass,1,0,metal and glass,3
metal and mdf,1,0,metal and mdf,3
metal and plastic,13,0,metal and plastic,3
metal and plastic metal,1,0,metal and plastic metal,4
metal and various,2,0,metal and various,3
metal and vinyl,7,0,metal and vinyl,3
metal and wood,1,0,metal and wood,3
metal construction,7,0,metal construction,2
metal cotton thread tinsel,2,0,metal cotton thread tinsel,4
metal frame,2,0,metal frame,2
metal frame and memory foam mattress,2,0,metal frame and memory foam mattress,6
metal metal,2,0,metal metal,2
metal metal rod and finial,2,0,metal metal rod and finial,5
metal metal steel rods. cast iron fnials,1,0,metal metal steel rods. cast iron fnials,7
metal parts,1,3,metal parts,2
metal plastic,2,0,metal plastic,2
metal rod resin finial metal,4,0,metal rod resin finial metal,5
metal rod resin finial resin,7,0,metal rod resin finial resin,5
metal slate,1,0,metal slate,2
metal steel,5,0,metal steel,2
metal steel rings steel,3,0,metal steel rings steel,4
metal tube and rattan construction metal,1,0,metal tube and rattan construction metal,6
metal wood,10,0,metal wood,2
metal wood 3-mm glass,1,0,metal wood 3-mm glass,4
metal zinc,2,0,metal zinc,2
metal. ca firefoam. pu,2,0,metal. ca firefoam. pu,4
metal. faux leather,1,0,metal. faux leather,3
metal. faux leather. faux marble,2,0,metal. faux leather. faux marble,5
metal. faux marble,2,0,metal. faux marble,3
metal. foam. plywood. pvc,4,0,metal. foam. plywood. pvc,4
metal. marble. hardwood,1,0,metal. marble. hardwood,3
metal. mdf w veneer. rattan,4,0,metal. mdf w veneer. rattan,5
metal. plastic,25,0,metal. plastic,2
metal. plastic. glass,3,0,metal. plastic. glass,3
metal. rattan,2,0,metal. rattan,2
metal. tinsel. bulbs. wire,1,0,metal. tinsel. bulbs. wire,4
metal. wood,7,0,metal. wood,2
metal. wood. fossil stone,1,0,metal. wood. fossil stone,4
metal. wood. vinyl,1,0,metal. wood. vinyl,3
microfiber,10,30,microfiber,1
mixed,1,11,mixed,1
mixed iron,2,0,mixed iron,2
modo acrylic,18,0,modo acrylic,2
moduel plastic housing,3,0,moduel plastic housing,3
module plastic housing,1,0,module plastic housing,3
molded fiberglass fiberglass,1,0,molded fiberglass fiberglass,3
mortar,23,115,mortar,1
multi,1,340,multi,1
multi pack,6,5,multi pack,2
multi surface,96,0,multi surface,2
multiple,2,9,multiple,1
natural clay,2,0,natural clay,2
natural rubber,8,0,natural rubber,2
natural stone,52,38,natural stone,2
neodymium,29,0,neodymium,1
neoprene,2,13,neoprene,1
neoprene face. foam backing,1,0,neoprene face. foam backing,4
nickel,16,940,nickel,1
nickel chromium,5,0,nickel chromium,2
nickel chromium stainless steel alloy,2,0,nickel chromium stainless steel alloy,5
nickel plated brass construction with teflon coating of internal valve components,1,0,nickel plated brass construction with teflon coating of internal valve components,11
nickel tubes and supports steel. finials resin,1,0,nickel tubes and supports steel. finials resin,7
nickle plated chrome,3,0,nickle plated chrome,3
noryel high impact material,2,0,noryel high impact material,4
nylon,618,191,nylon,1
nylon face vinyl back,1,0,nylon face vinyl back,4
nylon pile,10,0,nylon pile,2
nylon polyester,1,0,nylon polyester,2
nylon. metal,2,0,nylon. metal,2
nylon. poly sheepskin,2,0,nylon. poly sheepskin,3
oak,37,1085,oak,1
olefin,42,0,olefin,1
p2 pb mdf birch veneer pine solid wood,1,0,p2 pb mdf birch veneer pine solid wood,8
painted steel,1,0,painted steel,2
painted wood composite material,4,0,painted wood composite material,4
paper,108,322,paper,1
particle board,122,1,particle board,2
particle board composite filler,10,0,particle board composite filler,4
pb,1,13,pb,1
pet polyester,9,0,pet polyester,2
petroleum distillates,1,0,petroleum distillates,2
pex,67,221,pex,1
pine,140,550,pine,1
pine and painted mdf,1,0,pine and painted mdf,4
pine wood,1,13,pine wood,2
pine wood metal,1,0,pine wood metal,3
pla,19,0,pla,1
plastic,5823,1745,plastic,1
plastic acrylic,12,0,plastic acrylic,2
plastic and metal,18,0,plastic and metal,3
plastic plastic,1,0,plastic plastic,2
plastic polycarbonate,5,0,plastic polycarbonate,2
plastic polyethylene,1,0,plastic polyethylene,2
plastic pvc,1,0,plastic pvc,2
plastic rubber,4,0,plastic rubber,2
plastic vinyl,9,0,plastic vinyl,2
plastic. metal,1,0,plastic. metal,2
plastic. metal and wire,3,0,plastic. metal and wire,4
plastic. stainless steel,1,0,plastic. stainless steel,3
plastic. wood,2,0,plastic. wood,2
plated coated steel steel,14,0,plated coated steel steel,4
plated steel,9,18,plated steel,2
plated steel cooking grate,3,0,plated steel cooking grate,4
plated steel cooking grate. porcelain enameled bowl and lid,7,0,plated steel cooking grate. porcelain enameled bowl and lid,9
plated steel grate. porcelain enamel bowl and lid,7,0,plated steel grate. porcelain enamel bowl and lid,8
plywood,3,534,plywood,1
poly pro body,2,0,poly pro body,3
poly resin,2,0,poly resin,2
poly taft. fiber glass,1,0,poly taft. fiber glass,4
polycarbonate,202,92,polycarbonate,1
polycarbonate abs,3,0,polycarbonate abs,2
polycarbonate resin,1,0,polycarbonate resin,2
polyester,696,34,polyester,1
polyester and asian rubber wood,3,0,polyester and asian rubber wood,5
polyester fabric,29,0,polyester fabric,2
polyester mesh,8,0,polyester mesh,2
polyester polycotton,1,0,polyester polycotton,2
polyester pvc foam,3,0,polyester pvc foam,3
polyester pvc mesh,1,0,polyester pvc mesh,3
polyester solid,13,0,polyester solid,2
polyethelene,4,0,polyethelene,1
polyethelyne,11,0,polyethelyne,1
polyethylene,549,45,polyethylene,1
polyethylene polyethylene,2,0,polyethylene polyethylene,2
polyethylene terephthalate. pet.,13,0,polyethylene terephthalate. pet.,3
polyfiber,2,0,polyfiber,1
polyfoam,7,0,polyfoam,1
polymer,64,0,polymer,1
polymer braided,1,0,polymer braided,2
polymer coated polyester,2,0,polymer coated polyester,3
polypropelene,23,0,polypropelene,1
polypropylene,576,22,polypropylene,1
polypropylene drawers and metal frame,2,0,polypropylene drawers and metal frame,5
polypropylene face with sbr rubber backing,9,0,polypropylene face with sbr rubber backing,6
polypropylene face. rubber backing,4,0,polypropylene face. rubber backing,4
polypropylene metal,1,0,polypropylene metal,2
polypropylene plastic,2,0,polypropylene plastic,2
polypropylene plastic polypropylene,1,0,polypropylene plastic polypropylene,3
polypropylene polyester,1,0,polypropylene polyester,2
polypropylene tube with zinc plated steel fitting,2,0,polypropylene tube with zinc plated steel fitting,7
polypropylene with jute backing,9,0,polypropylene with jute backing,4
polyproxylene,9,0,polyproxylene,1
polyresin,1,0,polyresin,1
polystyrene,36,0,polystyrene,1
polytaft. fiberglass,1,0,polytaft. fiberglass,2
polyurethane,423,198,polyurethane,1
polyurethane faux wood,5,0,polyurethane faux wood,3
polyurethane foam,3,0,polyurethane foam,2
polyurethane foam cushion,1,0,polyurethane foam cushion,3
polyurethane foam polymer coated polyester,1,0,polyurethane foam polymer coated polyester,5
poplar,26,30,poplar,1
poplar and mdf wood,1,0,poplar and mdf wood,4
poplar solids and cherry veneers,2,0,poplar solids and cherry veneers,5
poplar solids and pine veneers,1,0,poplar solids and pine veneers,5
poplar solids. pine veneers,1,0,poplar solids. pine veneers,4
poplar solids. veneers. engineered wood,3,0,poplar solids. veneers. engineered wood,5
poplar wood,1,0,poplar wood,2
poplar. mdf and mirror wood,1,0,poplar. mdf and mirror wood,5
porcelain,70,559,porcelain,1
porcelain coated cast iron,4,0,porcelain coated cast iron,4
porcelain coated steel,21,0,porcelain coated steel,3
porcelain enamel,14,0,porcelain enamel,2
porcelain enamel bowl and lid. plated steel grates,2,0,porcelain enamel bowl and lid. plated steel grates,8
porcelain enamel over steel,12,0,porcelain enamel over steel,4
porcelain enameled cast iron,34,0,porcelain enameled cast iron,4
porcelain enameled steel,4,0,porcelain enameled steel,3
porcelain enameled steel refractory stone,1,0,porcelain enameled steel refractory stone,5
porcelain enameled. cast iron,2,0,porcelain enameled. cast iron,4
porcleain coated,3,0,porcleain coated,2
porecelain coated cast iron,1,0,porecelain coated cast iron,4
powder coated steel engineered and laminate woods,3,0,powder coated steel engineered and laminate woods,7
powder coated steel. laminated bamboo,3,0,powder coated steel. laminated bamboo,5
powder coated steel. vinyl. particle board. and polyurethane foam,2,0,powder coated steel. vinyl. particle board. and polyurethane foam,9
proprietary compound and metal,3,0,proprietary compound and metal,4
ptfe non stick. iron,1,0,ptfe non stick. iron,4
pvc,3334,2179,pvc,1
pvc brass aluminum,4,0,pvc brass aluminum,3
pvc over wire frame,1,0,pvc over wire frame,4
pvc plastic,7,0,pvc plastic,2
pvc polyvinyl,27,0,pvc polyvinyl,2
pvc recycled rubber,3,0,pvc recycled rubber,3
pvc. calcium carbonate. diisononyl phthalate. polyester,4,0,pvc. calcium carbonate. diisononyl phthalate. polyester,6
quartz,141,107,quartz,1
rebond,5,0,rebond,1
recycled materials,7,0,recycled materials,2
red oak,39,117,red oak,2
redwood,5,128,redwood,1
resin,566,107,resin,1
resin and steel resin,2,0,resin and steel resin,4
resin metal,1,0,resin metal,2
resin metal rod resin finial,1,0,resin metal rod resin finial,5
resin tubes and supports steel. finials resin,4,0,resin tubes and supports steel. finials resin,7
rosewood. non stick coated metal,1,0,rosewood. non stick coated metal,5
round metal tube rattan baskets mdf shelves with veneer,1,0,round metal tube rattan baskets mdf shelves with veneer,9
rubber,643,617,rubber,1
rubber and steel,7,0,rubber and steel,3
rubber brass,10,0,rubber brass,2
rubber wood,6,5,rubber wood,2
rubber. plastic,1,0,rubber. plastic,2
rubberwood solids,2,0,rubberwood solids,2
rubberwood solids engineered wood,3,0,rubberwood solids engineered wood,4
rubberwood. bentwood. pvc. ca firefoam,1,0,rubberwood. bentwood. pvc. ca firefoam,5
rubberwood. solid wood. ca firefoam. pu,4,0,rubberwood. solid wood. ca firefoam. pu,6
sainless steel,7,0,sainless steel,2
sand,59,334,sand,1
sandbox composite cover vinyl,2,0,sandbox composite cover vinyl,4
sandstone,14,36,sandstone,1
satin,4,305,satin,1
seamless stainless steel tubes and caps. quick release knobs. wire clips,1,0,seamless stainless steel tubes and caps. quick release knobs. wire clips,11
select hardwoods and composite wood,6,0,select hardwoods and composite wood,5
silicon,2,0,silicon,1
silicon nitride,7,0,silicon nitride,2
silver,5,196,silver,1
sisal,2,13,sisal,1
sisal over wire frame,4,0,sisal over wire frame,4
sisal tinsel,1,0,sisal tinsel,2
slate,14,243,slate,1
solid and engineered wood,4,0,solid and engineered wood,4
solid asian rubberwood,2,0,solid asian rubberwood,3
solid brass,491,11,solid brass,2
solid hardwood,5,26,solid hardwood,2
solid hardwood and engineered wood,3,0,solid hardwood and engineered wood,5
solid hardwood and hardwood veneer,1,0,solid hardwood and hardwood veneer,5
solid hardwood and veneers,6,0,solid hardwood and veneers,4
solid hardwood construction. black faux leather seat over high density foam. durable ball bearing for full. 360 degree swivel.,2,0,solid hardwood construction. black faux leather seat over high density foam. durable ball bearing for full. 360 degree swivel.,19
solid hardwood. rubberwood. and metal frame,1,0,solid hardwood. rubberwood. and metal frame,6
solid hardwood. woven seat,1,0,solid hardwood. woven seat,4
solid hardwoods,2,0,solid hardwoods,2
solid hardwoods and veneer,12,0,solid hardwoods and veneer,4
solid hardwoods and veneer wood,12,0,solid hardwoods and veneer wood,5
solid pine,1,0,solid pine,2
solid plantation grown pine,13,0,solid plantation grown pine,4
solid plantation grown pine wood,3,0,solid plantation grown pine wood,5
solid plantation grown pine. tempered glass,3,0,solid plantation grown pine. tempered glass,6
solid plantation grown pine. tempered glass wood,3,0,solid plantation grown pine. tempered glass wood,7
solid surface,86,18,solid surface,2
solid surface materials polymer,1,0,solid surface materials polymer,4
solid surface materials stone,2,0,solid surface materials stone,4
solid wood,24,53,solid wood,2
solid wood and veneer.,1,0,solid wood and veneer.,4
solid wood and veneers,2,0,solid wood and veneers,4
solid wood and wood veneers,1,0,solid wood and wood veneers,5
solid wood core maple,1,0,solid wood core maple,4
solid wood mdf w veneer mahogany finish,1,0,solid wood mdf w veneer mahogany finish,7
solid wood. pu leather,1,0,solid wood. pu leather,4
solid wood. tempered glass,3,0,solid wood. tempered glass,4
specialty,10,9,specialty,1
sponge rubber backing. polyester face,2,0,sponge rubber backing. polyester face,5
spruce,1,16,spruce,1
stainess steel,1,0,stainess steel,2
stainless steal. pp plastic,1,0,stainless steal. pp plastic,4
stainless steel,2040,1007,stainless steel,2
stainless steel and hardwood,1,0,stainless steel and hardwood,4
stainless steel and plastic,10,0,stainless steel and plastic,4
stainless steel and silicone,2,0,stainless steel and silicone,4
stainless steel and wood,1,0,stainless steel and wood,4
stainless steel bristles,2,0,stainless steel bristles,3
stainless steel dzr brass,21,0,stainless steel dzr brass,4
stainless steel metal,3,0,stainless steel metal,3
stainless steel silicone rubber,1,0,stainless steel silicone rubber,4
stainless steel solid stainless steel,1,0,stainless steel solid stainless steel,5
stainless steel stainless steel,65,0,stainless steel stainless steel,4
stainless steel steel,2,0,stainless steel steel,3
stainless steel. bamboo,1,0,stainless steel. bamboo,3
stainless steel. cast aluminum alloy,1,0,stainless steel. cast aluminum alloy,5
stainless steel. plastic,2,0,stainless steel. plastic,3
stainless steel. pp plastic,2,0,stainless steel. pp plastic,4
stainless steel. pp. tpr. twisted wire,1,0,stainless steel. pp. tpr. twisted wire,6
stainless steel. rosewood,1,0,stainless steel. rosewood,3
stainless steel. rubber,2,0,stainless steel. rubber,3
stainless steel. tpr,1,0,stainless steel. tpr,3
stainless steel. wood,5,0,stainless steel. wood,3
stamped steel,19,0,stamped steel,2
steel,9256,2501,steel,1
steel and aluminum,10,0,steel and aluminum,3
steel and press board,1,0,steel and press board,4
steel birch veneer. plywood. steel. chrome. glass,1,0,steel birch veneer. plywood. steel. chrome. glass,7
steel brass,1,0,steel brass,2
steel galvanized steel,1,0,steel galvanized steel,3
steel hard anodized steel,1,0,steel hard anodized steel,4
steel metal,6,0,steel metal,2
steel metal cast iron brackets,2,0,steel metal cast iron brackets,5
steel metal steel brackets,2,0,steel metal steel brackets,4
steel plated coated steel,10,0,steel plated coated steel,4
steel ss ceramic,1,0,steel ss ceramic,3
steel stainless steel,2,0,steel stainless steel,3
steel steel,4,0,steel steel,2
steel steel ceramic,3,0,steel steel ceramic,3
steel steel rod resin finial,7,0,steel steel rod resin finial,5
steel steel w plastic,6,0,steel steel w plastic,4
steel steel w zinc die cast,1,0,steel steel w zinc die cast,6
steel steel. plastic,2,0,steel steel. plastic,3
steel stoneware stamped steel york abs pump head,2,0,steel stoneware stamped steel york abs pump head,8
steel w plastic metal,8,0,steel w plastic metal,4
steel wood,2,4,steel wood,2
steel. aluminum,1,0,steel. aluminum,2
steel. birch veneer. engineered wood,2,0,steel. birch veneer. engineered wood,5
steel. copper. aluminum,6,0,steel. copper. aluminum,3
steel. rosewood. abs plastic. paper,1,0,steel. rosewood. abs plastic. paper,5
steel. stainless steel. silicone. pp plastic,1,0,steel. stainless steel. silicone. pp plastic,6
steel. steel wire,1,0,steel. steel wire,3
steel. wood,2,0,steel. wood,2
steel. wood. glass,1,0,steel. wood. glass,3
stone,127,944,stone,1
stone ceramic,2,0,stone ceramic,2
stoneware stamped steel abs york pump head steel,1,0,stoneware stamped steel abs york pump head steel,8
stucco,9,131,stucco,1
styrene,3,17,styrene,1
synthetic,2,69,synthetic,1
synthetic fabric shield,1,0,synthetic fabric shield,3
synthetic fiber,7,0,synthetic fiber,2
tampico,3,0,tampico,1
teak,1,58,teak,1
terracotta,1,40,terracotta,1
thermoplastic,175,19,thermoplastic,1
thermoplastic and stainless steel nylon,3,0,thermoplastic and stainless steel nylon,5
thin pvc over wire frame,8,0,thin pvc over wire frame,5
tinsel,3,17,tinsel,1
tinsel over wire frame,18,0,tinsel over wire frame,4
tinsel with wire frame,8,0,tinsel with wire frame,4
titanium,6,37,titanium,1
titanium and plastic,10,0,titanium and plastic,3
tpr,26,0,tpr,1
tpr. stainless steel,1,0,tpr. stainless steel,3
travertine,21,107,travertine,1
tubes and supports are steel. finials are resin resin,1,0,tubes and supports are steel. finials are resin resin,9
tubes and supports steel. finials plated zinc metal,1,0,tubes and supports steel. finials plated zinc metal,8
ultra compact surface,1,0,ultra compact surface,3
unfinished wood,2,8,unfinished wood,2
various,29,0,various,1
velvet,8,6,velvet,1
vibrant brushed bronze bronze,1,0,vibrant brushed bronze bronze,4
vikrell,5,18,vikrell,1
vinyl,3707,2145,vinyl,1
vinyl and chrome,1,0,vinyl and chrome,3
vinyl fabric and metal frame,2,0,vinyl fabric and metal frame,5
vinyl pvc,5,0,vinyl pvc,2
vinyl. chrome,3,0,vinyl. chrome,2
viscose fabric,1,0,viscose fabric,2
vitreous china,1393,0,vitreous china,2
vitreous china ceramic,1,0,vitreous china ceramic,3
water,3,3404,water,1
wax,22,122,wax,1
wax coated paper,1,0,wax coated paper,3
welded wire mesh,4,17,welded wire mesh,3
wire,226,1957,wire,1
wire frame,4,0,wire frame,2
wood,5169,4329,wood,1
wood and leather,1,0,wood and leather,3
wood and metal,1,0,wood and metal,3
wood and stainless steel,4,0,wood and stainless steel,4
wood composite,1,0,wood composite,2
wood composite with paper and pvc laminate,1,0,wood composite with paper and pvc laminate,7
wood composite. mdf. steel,1,0,wood composite. mdf. steel,4
wood laminated particle board,4,0,wood laminated particle board,4
wood mahogany veneers metal frame,1,0,wood mahogany veneers metal frame,5
wood metal,1,13,wood metal,2
wood red oak,1,0,wood red oak,3
wood resin,2,0,wood resin,2
wood rubberwood. e1 mdf and tempered glass construction with metal handles,2,0,wood rubberwood. e1 mdf and tempered glass construction with metal handles,11
wood solid hardwoods and veneer,17,0,wood solid hardwoods and veneer,5
wood solids and veneers over engineered wood ssubstrate,1,0,wood solids and veneers over engineered wood ssubstrate,8
wood solids and veneers over engineered wood substrate,2,0,wood solids and veneers over engineered wood substrate,8
wood. bonded leather,1,0,wood. bonded leather,3
wood. faux leather,6,0,wood. faux leather,3
wood. glass,4,0,wood. glass,2
wood. glass wood,1,0,wood. glass wood,3
wood. glass. metal,7,0,wood. glass. metal,3
wood. metal,6,0,wood. metal,2
wood. metal. glass,3,0,wood. metal. glass,3
wood. metal. plastic,1,0,wood. metal. plastic,3
wood. metal. upholstery,1,0,wood. metal. upholstery,3
wood. metal. vinyl,1,0,wood. metal. vinyl,3
wood. polyester,1,0,wood. polyester,2
wood. upholstery,3,0,wood. upholstery,2
wood. upholstery. faux marble,2,0,wood. upholstery. faux marble,4
wood. vinyl,1,0,wood. vinyl,2
wool,5,60,wool,1
woven nylon,2,0,woven nylon,2
wrought iron,4,101,wrought iron,2
yellow birch,1,0,yellow birch,2
zamak glass glass,1,0,zamak glass glass,3
zboard paperboard,2,0,zboard paperboard,2
zinc,433,88,zinc,1
zinc brass and zinc,11,0,zinc brass and zinc,4
zinc brass ceramic,1,0,zinc brass ceramic,3
zinc brass zinc and plastic,4,0,zinc brass zinc and plastic,5
zinc coated galvanized steel,160,0,zinc coated galvanized steel,4
zinc glass,1,0,zinc glass,2
zinc glass glass,1,0,zinc glass glass,3
zinc zinc brass,2,0,zinc zinc brass,3
